temperature,humidity,ph,rainfall,N,P,K
20.87974371,82.00274423,6.502985292,202.9355362,0.7,0.1,0.8
21.77046169,80.31964408,7.038096361,226.6555374,0.5,0.7,0.4
28.06642822,85.91625451,6.42937879,39.23831035,0.6,0.2,0.8
27.73329078,81.13903037,6.248900919,44.17580911,0.7,0.5,0.6
27.53632932,89.92908171,6.619891498,45.48591922,0.7,0.1,0.5
